backend,entries,set_us,get_hit_us,get_miss_us
sciqlop,100,27.79,3.53,2.71
sciqlop,150,22.88,3.52,2.69
sciqlop,225,22.97,3.55,2.73
sciqlop,337,23.14,3.56,2.75
sciqlop,505,22.98,3.50,2.72
sciqlop,757,22.80,3.55,2.73
sciqlop,1135,23.49,3.57,2.72
sciqlop,1702,23.01,3.66,2.77
sciqlop,2553,23.69,3.63,2.74
sciqlop,3829,23.38,3.91,2.77
sciqlop,5743,23.47,3.76,2.73
sciqlop,8614,23.04,3.92,2.74
sciqlop,12921,23.13,4.12,2.80
sciqlop,19381,23.94,4.09,2.74
sciqlop,29071,24.47,4.32,2.76
sciqlop,43606,24.51,4.36,2.80
sciqlop,65409,23.95,4.83,2.85
sciqlop,98113,24.97,4.97,2.85
sciqlop,147169,23.92,4.63,2.79
sciqlop,220753,24.24,4.75,2.81
sciqlop,331129,24.18,5.07,2.83
sciqlop,496693,24.12,5.60,2.89
sciqlop,700000,24.14,5.76,2.82
sciqlop,1000000,24.30,5.86,2.86
diskcache,100,50.52,5.84,4.73
diskcache,150,49.19,5.65,4.57
diskcache,225,49.73,5.68,4.58
diskcache,337,50.05,5.72,4.64
diskcache,505,50.21,5.79,4.60
diskcache,757,50.61,5.79,4.64
diskcache,1135,51.17,5.79,4.64
diskcache,1702,51.50,5.88,4.70
diskcache,2553,51.04,5.92,4.62
diskcache,3829,51.20,5.88,4.62
diskcache,5743,51.40,5.96,4.67
diskcache,8614,51.92,6.02,4.68
diskcache,12921,52.14,6.13,4.73
diskcache,19381,51.38,6.13,4.73
diskcache,29071,58.89,6.80,4.80
diskcache,43606,51.61,6.38,4.82
diskcache,65409,58.13,6.55,4.76
diskcache,98113,51.72,6.82,4.75
diskcache,147169,54.12,6.58,4.71
diskcache,220753,52.66,6.99,4.79
diskcache,331129,58.06,6.76,4.70
diskcache,496693,52.06,6.75,4.72
diskcache,700000,53.31,7.24,4.72
diskcache,1000000,51.96,7.35,4.71
