backend,operation,value_size,batch_size,latency_us
sciqlop,single_set,64,1,22.48
sciqlop,single_get,64,1,4.30
sciqlop,first_get,64,1,3.47
diskcache,single_set,64,1,45.66
diskcache,single_get,64,1,5.19
diskcache,first_get,64,1,6.53
sciqlop,single_set,200,1,23.43
sciqlop,single_get,200,1,4.67
sciqlop,first_get,200,1,3.65
diskcache,single_set,200,1,46.59
diskcache,single_get,200,1,5.70
diskcache,first_get,200,1,6.24
sciqlop,single_set,1024,1,30.88
sciqlop,single_get,1024,1,5.92
sciqlop,first_get,1024,1,5.04
diskcache,single_set,1024,1,41.88
diskcache,single_get,1024,1,5.36
diskcache,first_get,1024,1,6.02
sciqlop,single_set,4096,1,31.71
sciqlop,single_get,4096,1,6.40
sciqlop,first_get,4096,1,6.45
diskcache,single_set,4096,1,45.61
diskcache,single_get,4096,1,5.67
diskcache,first_get,4096,1,6.28
sciqlop,single_set,8192,1,80.78
sciqlop,single_get,8192,1,4.18
sciqlop,first_get,8192,1,11.83
diskcache,single_set,8192,1,60.32
diskcache,single_get,8192,1,7.13
diskcache,first_get,8192,1,6.58
sciqlop,single_set,16384,1,75.36
sciqlop,single_get,16384,1,4.34
sciqlop,first_get,16384,1,15.19
diskcache,single_set,16384,1,52.33
diskcache,single_get,16384,1,6.40
diskcache,first_get,16384,1,7.16
sciqlop,single_set,65536,1,114.62
sciqlop,single_get,65536,1,6.69
sciqlop,first_get,65536,1,19.38
diskcache,single_set,65536,1,200.67
diskcache,single_get,65536,1,18.96
diskcache,first_get,65536,1,21.14
sciqlop,single_set,262144,1,158.93
sciqlop,single_get,262144,1,10.89
sciqlop,first_get,262144,1,31.66
diskcache,single_set,262144,1,368.93
diskcache,single_get,262144,1,29.38
diskcache,first_get,262144,1,29.55
sciqlop,single_set,1048576,1,809.77
sciqlop,single_get,1048576,1,31.08
sciqlop,first_get,1048576,1,98.28
diskcache,single_set,1048576,1,1052.69
diskcache,single_get,1048576,1,64.91
diskcache,first_get,1048576,1,118.35
sciqlop,batch_set,200,1,23.67
sciqlop,batch_set_per_op,200,1,23.67
diskcache,batch_set,200,1,52.43
diskcache,batch_set_per_op,200,1,52.43
sciqlop,batch_set,200,10,70.65
sciqlop,batch_set_per_op,200,10,7.06
diskcache,batch_set,200,10,273.54
diskcache,batch_set_per_op,200,10,27.35
sciqlop,batch_set,200,50,291.93
sciqlop,batch_set_per_op,200,50,5.84
diskcache,batch_set,200,50,1397.60
diskcache,batch_set_per_op,200,50,27.95
sciqlop,batch_set,200,100,576.05
sciqlop,batch_set_per_op,200,100,5.76
diskcache,batch_set,200,100,2575.41
diskcache,batch_set_per_op,200,100,25.75
sciqlop,batch_set,200,500,3207.36
sciqlop,batch_set_per_op,200,500,6.41
diskcache,batch_set,200,500,13680.64
diskcache,batch_set_per_op,200,500,27.36
sciqlop,batch_set,16384,1,82.05
sciqlop,batch_set_per_op,16384,1,82.05
diskcache,batch_set,16384,1,54.44
diskcache,batch_set_per_op,16384,1,54.44
sciqlop,batch_set,16384,10,554.55
sciqlop,batch_set_per_op,16384,10,55.45
diskcache,batch_set,16384,10,334.98
diskcache,batch_set_per_op,16384,10,33.50
sciqlop,batch_set,16384,50,2428.32
sciqlop,batch_set_per_op,16384,50,48.57
diskcache,batch_set,16384,50,1389.17
diskcache,batch_set_per_op,16384,50,27.78
sciqlop,batch_set,16384,100,4708.00
sciqlop,batch_set_per_op,16384,100,47.08
diskcache,batch_set,16384,100,2707.67
diskcache,batch_set_per_op,16384,100,27.08
sciqlop,batch_set,16384,500,23331.10
sciqlop,batch_set_per_op,16384,500,46.66
diskcache,batch_set,16384,500,13668.21
diskcache,batch_set_per_op,16384,500,27.34
sciqlop,batch_set,65536,1,102.03
sciqlop,batch_set_per_op,65536,1,102.03
diskcache,batch_set,65536,1,203.84
diskcache,batch_set_per_op,65536,1,203.84
sciqlop,batch_set,65536,10,742.04
sciqlop,batch_set_per_op,65536,10,74.20
diskcache,batch_set,65536,10,1762.65
diskcache,batch_set_per_op,65536,10,176.26
sciqlop,batch_set,65536,50,3289.78
sciqlop,batch_set_per_op,65536,50,65.80
diskcache,batch_set,65536,50,8494.59
diskcache,batch_set_per_op,65536,50,169.89
sciqlop,batch_set,65536,100,6407.67
sciqlop,batch_set_per_op,65536,100,64.08
diskcache,batch_set,65536,100,16878.75
diskcache,batch_set_per_op,65536,100,168.79
sciqlop,batch_set,65536,500,31797.67
sciqlop,batch_set_per_op,65536,500,63.60
diskcache,batch_set,65536,500,82354.11
diskcache,batch_set_per_op,65536,500,164.71
