backend,entries,set_us,get_hit_us,get_miss_us
sciqlop,100,33.17,2.02,1.34
sciqlop,150,23.59,2.09,1.35
sciqlop,225,23.55,2.01,1.32
sciqlop,337,23.48,2.08,1.37
sciqlop,505,25.78,2.06,1.35
sciqlop,757,23.82,2.09,1.38
sciqlop,1135,25.41,2.07,1.35
sciqlop,1702,23.97,2.21,1.36
sciqlop,2553,25.81,2.14,1.34
sciqlop,3829,24.35,2.24,1.36
sciqlop,5743,25.95,2.26,1.38
sciqlop,8614,23.88,2.46,1.38
sciqlop,12921,24.48,2.67,1.46
sciqlop,19381,23.84,2.47,1.39
sciqlop,29071,23.97,2.63,1.38
sciqlop,43606,26.99,2.64,1.39
sciqlop,65409,24.46,3.18,1.43
sciqlop,98113,25.19,3.05,1.46
sciqlop,147169,25.34,2.90,1.49
sciqlop,220753,27.11,2.84,1.43
sciqlop,331129,25.22,3.07,1.45
sciqlop,496693,25.41,3.41,1.51
sciqlop,700000,27.08,3.42,1.51
sciqlop,1000000,25.30,4.06,1.44
diskcache,100,40.60,4.07,2.98
diskcache,150,39.73,4.02,2.85
diskcache,225,39.84,3.97,2.88
diskcache,337,39.45,4.00,2.83
diskcache,505,39.50,4.02,2.78
diskcache,757,40.67,4.09,2.88
diskcache,1135,40.64,4.21,2.84
diskcache,1702,39.97,4.24,2.80
diskcache,2553,39.81,4.26,2.84
diskcache,3829,42.13,4.14,2.86
diskcache,5743,40.39,4.14,2.89
diskcache,8614,40.39,4.27,3.06
diskcache,12921,41.15,4.17,3.02
diskcache,19381,39.94,4.33,2.99
diskcache,29071,40.19,4.38,3.04
diskcache,43606,40.01,4.34,3.04
diskcache,65409,42.29,4.42,3.07
diskcache,98113,41.06,4.52,3.01
diskcache,147169,42.02,4.46,3.01
diskcache,220753,41.65,4.56,2.88
diskcache,331129,41.65,4.51,2.91
diskcache,496693,41.59,4.69,2.89
diskcache,700000,40.96,5.03,3.06
diskcache,1000000,41.29,5.33,2.91
