backend,operation,value_size,batch_size,latency_us
sciqlop,single_set,64,1,27.16
sciqlop,single_get,64,1,3.02
diskcache,single_set,64,1,30.46
diskcache,single_get,64,1,3.66
sciqlop,single_set,200,1,22.91
sciqlop,single_get,200,1,2.97
diskcache,single_set,200,1,30.33
diskcache,single_get,200,1,3.67
sciqlop,single_set,1024,1,31.27
sciqlop,single_get,1024,1,4.48
diskcache,single_set,1024,1,29.92
diskcache,single_get,1024,1,3.70
sciqlop,single_set,4096,1,34.70
sciqlop,single_get,4096,1,5.46
diskcache,single_set,4096,1,32.59
diskcache,single_get,4096,1,4.20
sciqlop,single_set,8192,1,133.23
sciqlop,single_get,8192,1,2.59
diskcache,single_set,8192,1,36.76
diskcache,single_get,8192,1,4.74
sciqlop,single_set,16384,1,127.57
sciqlop,single_get,16384,1,2.59
diskcache,single_set,16384,1,35.71
diskcache,single_get,16384,1,4.81
sciqlop,single_set,65536,1,156.68
sciqlop,single_get,65536,1,3.98
diskcache,single_set,65536,1,288.18
diskcache,single_get,65536,1,21.79
sciqlop,single_set,262144,1,173.77
sciqlop,single_get,262144,1,9.32
diskcache,single_set,262144,1,398.27
diskcache,single_get,262144,1,29.09
sciqlop,single_set,1048576,1,279.15
sciqlop,single_get,1048576,1,25.69
diskcache,single_set,1048576,1,875.03
diskcache,single_get,1048576,1,47.03
sciqlop,batch_set,200,1,22.69
sciqlop,batch_set_per_op,200,1,22.69
diskcache,batch_set,200,1,35.64
diskcache,batch_set_per_op,200,1,35.64
sciqlop,batch_set,200,10,71.55
sciqlop,batch_set_per_op,200,10,7.16
diskcache,batch_set,200,10,179.14
diskcache,batch_set_per_op,200,10,17.91
sciqlop,batch_set,200,50,303.11
sciqlop,batch_set_per_op,200,50,6.06
diskcache,batch_set,200,50,814.33
diskcache,batch_set_per_op,200,50,16.29
sciqlop,batch_set,200,100,622.61
sciqlop,batch_set_per_op,200,100,6.23
diskcache,batch_set,200,100,1707.38
diskcache,batch_set_per_op,200,100,17.07
sciqlop,batch_set,200,500,3450.78
sciqlop,batch_set_per_op,200,500,6.90
diskcache,batch_set,200,500,8367.87
diskcache,batch_set_per_op,200,500,16.74
sciqlop,batch_set,16384,1,150.60
sciqlop,batch_set_per_op,16384,1,150.60
diskcache,batch_set,16384,1,37.35
diskcache,batch_set_per_op,16384,1,37.35
sciqlop,batch_set,16384,10,1147.44
sciqlop,batch_set_per_op,16384,10,114.74
diskcache,batch_set,16384,10,212.61
diskcache,batch_set_per_op,16384,10,21.26
sciqlop,batch_set,16384,50,6047.94
sciqlop,batch_set_per_op,16384,50,120.96
diskcache,batch_set,16384,50,1017.38
diskcache,batch_set_per_op,16384,50,20.35
sciqlop,batch_set,16384,100,11028.12
sciqlop,batch_set_per_op,16384,100,110.28
diskcache,batch_set,16384,100,1827.37
diskcache,batch_set_per_op,16384,100,18.27
sciqlop,batch_set,16384,500,52950.37
sciqlop,batch_set_per_op,16384,500,105.90
diskcache,batch_set,16384,500,9353.51
diskcache,batch_set_per_op,16384,500,18.71
sciqlop,batch_set,65536,1,143.13
sciqlop,batch_set_per_op,65536,1,143.13
diskcache,batch_set,65536,1,301.40
diskcache,batch_set_per_op,65536,1,301.40
sciqlop,batch_set,65536,10,1222.29
sciqlop,batch_set_per_op,65536,10,122.23
diskcache,batch_set,65536,10,2997.18
diskcache,batch_set_per_op,65536,10,299.72
sciqlop,batch_set,65536,50,5391.34
sciqlop,batch_set_per_op,65536,50,107.83
diskcache,batch_set,65536,50,14061.15
diskcache,batch_set_per_op,65536,50,281.22
sciqlop,batch_set,65536,100,11156.23
sciqlop,batch_set_per_op,65536,100,111.56
diskcache,batch_set,65536,100,29873.92
diskcache,batch_set_per_op,65536,100,298.74
sciqlop,batch_set,65536,500,61433.06
sciqlop,batch_set_per_op,65536,500,122.87
diskcache,batch_set,65536,500,123039.65
diskcache,batch_set_per_op,65536,500,246.08
